SKU*,UPC/EAN
01MMSA100,9.32219E+12
27AHW,
27AHW_5pk,
450020,
4GFP,9.3282E+12
AC1615,9.3282E+12
AC907X2,9.3282E+12
ADPL42,9.3282E+12
ALSDP101,9.3282E+12
ALSDR101,9.3282E+12
AV212,9.3282E+12
BC72474,9.31131E+12
BMR3X,9.3282E+12
BNWP01,9.3282E+12
BNWP01B,9.3282E+12
C720AC,9.3282E+12
C720AC_3PK,
CE650,9.3282E+12
CI620,
COMBO20,9.3282E+12
CPB2,9.3282E+12
CR1620,4.90258E+12
CR1620_10pk,
CR1620_2pk,
CR1620_5pk,
CR2032,
CR2032_10PK_1,
CR2032_5PK_1,
CSH01,9.3282E+12
DAB17C,9.3282E+12
DAD51,9.3282E+12
DHF42PC,9.3282E+12
DHF72SM,9.3282E+12
DHG1500,9.3282E+12
DM1000,9.3282E+12
DM8100,9.3282E+12
DPS300,9.3282E+12
DTC2,9.3282E+12
ELHH100,9.3282E+12
EP17,9.3282E+12
EX2601,
EXPKIC6,9.3166E+12
FL59Q-2PF,9.3282E+12
FL6Q-1.5PF,9.3282E+12
GH1374,
GS2K,9.3282E+12
GSP3K,9.3282E+12
H2SPC5L,9.3282E+12
HD1603,9.3282E+12
HDC6ECO,9.3282E+12
HDC6L,9.3282E+12
HDC6WP,9.3282E+12
HDCP2214,9.3282E+12
HDMI16SPEDID,9.3282E+12
HDMI2FLEX,9.3282E+12
HDMI8SPEDID,9.3282E+12
HDMI8SPV2,
HL3WS,9.3282E+12
HL3WS_2PK,Does Not Apply
HLV0986,9.3282E+12
HLV1140,9.3282E+12
HLVF2,9.3282E+12
HLVF3,9.3282E+12
HLVF5,9.3282E+12
HLVR10,9.3282E+12
HLVR30,9.3282E+12
HP17,9.3282E+12
HR04,9.3282E+12
HTR-2067,4.95781E+12
HTR-2071B,4.95781E+12
HTR-3071,
HTR-4071,4.95781E+12
IA313,9.3282E+12
IPDCRH,
IPLC1GD,9.3282E+12
IPLC1GRAY,9.3282E+12
IPLC1SLV,9.3282E+12
IPLT35,9.3282E+12
K9-1MB,9.3282E+12
L24G4,6.92613E+12
LA1052,9.3282E+12
LC6163,9.3282E+12
LC6612B,9.3282E+12
LC6618B,9.3282E+12
LC6621B,9.3282E+12
LC6621B_3pk,
LC7112B,9.3282E+12
LC7218,9.3282E+12
LCD01AB,9.3282E+12
LCD07B,9.3282E+12
LCD08B,9.3282E+12
LCD09B,9.3282E+12
LCD20B,9.3282E+12
LCDCM2B,9.3282E+12
LCDP11B,9.3282E+12
LCDP16B,9.3282E+12
LCDP18B,9.3282E+12
LCDP21B,9.3282E+12
LCDP25B,9.3282E+12
LCDPB1B,9.3282E+12
LCS14V,9.3282E+12
LCT8,9.3282E+12
LR03T20B,Does Not Apply
LR03T20B_2PK,Does Not Apply
LR03T20B_3PK,Does Not Apply
LR44TWIN,4.90258E+12
LR6T,4.98482E+12
LSDECK35R-4RGB,9.31489E+12
LSSTRIP12COL,Does Not Apply
LV1110,9.3282E+12
LV1117,9.3282E+12
MB-3518,9.31924E+12
MDT02,9.3282E+12
MICRO2,
MLED140,9.3282E+12
MMT24V2,9.3282E+12
MMT24V2_3PK,9.3282E+12
MN1604B1,41333116013
MPM01,
MRC03V2,9.3282E+12
N4-1,9.3282E+12
NF3468,9.3282E+12
NF468,9.3282E+12
NF468PT,9.3282E+12
NF801R,9.3282E+12
NF8108,9.3282E+12
NS-AW194B,4.95781E+12
NS-AW294B,4.95781E+12
NSIC600,4.95781E+12
NSIC800,4.95781E+12
PA005,9.3282E+12
PA1060,9.31924E+12
PA1060_2PK,
PA1061,9.31924E+12
PA1061_2PK,
PA1905,9.31663E+12
PD2920,9.3282E+12
PDX-B11-BL,
PDX-B11-BLK,
PDX-B11-BLK_T2C,
PIN150,9.3282E+12
PIN300USB,9.9282E+12
PJT40,
PK4640,9.3282E+12
PK4686,
PK4706,9.3282E+12
PK4706_2PK,
PK4706_4PK,
PPIN150USB,9.3282E+12
PR3860,9.3282E+12
PR3860_2PK,9.3282E+12
PRO1030,9.3282E+12
PRO1030_4PK,
PRO1183,9.3282E+12
PRO1188AS,9.3282E+12
PRO1211,9.3282E+12
PRO1237,9.3282E+12
PRO1255,9.3282E+12
PRO1273,9.3282E+12
PRO1310,9.3282E+12
PRO1326,9.3282E+12
PRO1327,9.3282E+12
PRO1328,9.3282E+12
PRO1351WP,9.3282E+12
PRO1362D,9.3282E+12
PRO1369,9.3282E+12
PS12120,
PS1250,8.1334E+11
PS1270,8.1334E+11
PS640,8.1334E+11
PT9822,9.31805E+12
RE03,
REVBNWP,9.3282E+12
RF900EP,9.3282E+12
RF900SP,9.3282E+12
RFD2169IR,9.3282E+12
RFIDCC,9.31279E+12
RFIDCC_2PK,9.31279E+12
RFIDPP,9.31279E+12
RFIDPP_2PK,9.31279E+12
RFIDPP_RFIDCC_COMBO,
RFL10W,9.3282E+12
RFMX3IR,9.3282E+12
RL-BT510,9.3282E+12
RL-BT600,9.3282E+12
RLDM1102M,9.3282E+12
RX-V583B,4.95781E+12
RX-V683,4.95781E+12
RXV383,
RXV681,
SA-25,9.3282E+12
SDP32,9.3282E+12
SDPB511,9.3282E+12
SM1202,9.3282E+12
SM1205,9.3282E+12
SM1250,9.3282E+12
SM2030,9.3282E+12
SM2440,9.3282E+12
SM528,9.3282E+12
SM530,9.3282E+12
SM568BLACK,
SM568WHITE,
SP929,9.3282E+12
SPB81B,9.3282E+12
SPC5RX,9.3282E+12
SPKB1,9.3282E+12
SR626SW,4.90258E+12
SRT5432,9.33691E+12
STADIUM12A,9.3282E+12
STB14HD,9.3282E+12
STUDIO6W,9.3282E+12
UP2,9.3282E+12
USB3HDMI,9.3282E+12
UWA-SB,
WDH11,9.3282E+12
WDH11SP,9.3282E+12
WS602,
XLN609,9.3282E+12
YAS-107,4.95781E+12
YAS-207,4.95781E+12
YAS-306,4.95781E+12
YSP-1600BMK2,9.3166E+12
ZD415,9.3282E+12
ZD415H,9.3282E+12
ZD552,9.3282E+12
ZD709-80,9.3282E+12
ZD8916ESD,9.3282E+12
ZD929C,9.3282E+12
